{"cameraMode":{"drawMode":0,"name":"Shaded","section":"Shading Mode"},"sceneLighting":false,"audioPlay":false,"sceneViewState":{"showFog":true,"showMaterialUpdate":false,"showSkybox":false,"showFlares":true,"showImageEffects":true,"showParticleSystems":true},"in2DMode":false,"pivot":{"x":1.0299999713897706,"y":4.630000114440918,"z":1.2699999809265137},"rotation":{"x":-0.15743234753608704,"y":-0.5969781875610352,"z":0.12088071554899216,"w":-0.7773380279541016},"size":2.8578836917877199,"orthographic":false}