{"cameraMode":{"drawMode":0,"name":"Shaded","section":"Shading Mode"},"sceneLighting":false,"audioPlay":false,"sceneViewState":{"showFog":true,"showMaterialUpdate":false,"showSkybox":false,"showFlares":true,"showImageEffects":true,"showParticleSystems":true},"in2DMode":false,"pivot":{"x":-0.03299999237060547,"y":4.239999771118164,"z":-0.09000000357627869},"rotation":{"x":-0.13948968052864076,"y":-0.7868832945823669,"z":0.19285182654857636,"w":-0.5694056749343872},"size":0.5353077054023743,"orthographic":false}