{"cameraMode":{"drawMode":0,"name":"Shaded","section":"Shading Mode"},"sceneLighting":false,"audioPlay":false,"sceneViewState":{"showFog":true,"showMaterialUpdate":false,"showSkybox":false,"showFlares":true,"showImageEffects":true,"showParticleSystems":true},"in2DMode":false,"pivot":{"x":4.596382141113281,"y":4.099999904632568,"z":3.928128242492676},"rotation":{"x":-0.08513510227203369,"y":0.11541619896888733,"z":-0.009890429675579071,"w":-0.9896453619003296},"size":1.2247449159622193,"orthographic":false}