{"cameraMode":{"drawMode":0,"name":"Shaded","section":"Shading Mode"},"sceneLighting":false,"audioPlay":false,"sceneViewState":{"showFog":true,"showMaterialUpdate":false,"showSkybox":false,"showFlares":true,"showImageEffects":true,"showParticleSystems":true},"in2DMode":false,"pivot":{"x":-0.1224215030670166,"y":0.7653113603591919,"z":0.143330916762352},"rotation":{"x":-0.006308198906481266,"y":-0.020402558147907258,"z":0.00017310981638729572,"w":-0.9998114109039307},"size":0.9769764542579651,"orthographic":false}