{"cameraMode":{"drawMode":0,"name":"Shaded","section":"Shading Mode"},"sceneLighting":false,"audioPlay":false,"sceneViewState":{"showFog":true,"showMaterialUpdate":false,"showSkybox":false,"showFlares":true,"showImageEffects":true,"showParticleSystems":true},"in2DMode":false,"pivot":{"x":-5.610000133514404,"y":3.2200000286102297,"z":27.899999618530275},"rotation":{"x":-0.006308198906481266,"y":-0.020402558147907258,"z":0.00017310981638729572,"w":-0.9998114109039307},"size":1.4305877685546876,"orthographic":false}