{"cameraMode":{"drawMode":0,"name":"Shaded","section":"Shading Mode"},"sceneLighting":false,"audioPlay":false,"sceneViewState":{"showFog":true,"showMaterialUpdate":false,"showSkybox":false,"showFlares":true,"showImageEffects":true,"showParticleSystems":true},"in2DMode":false,"pivot":{"x":13.329999923706055,"y":7.369999885559082,"z":2.4600000381469728},"rotation":{"x":-0.06118561327457428,"y":-0.13671280443668366,"z":0.008497288450598717,"w":-0.9887166023254395},"size":1.4305871725082398,"orthographic":false}