{"cameraMode":{"drawMode":0,"name":"Shaded","section":"Shading Mode"},"sceneLighting":true,"audioPlay":false,"sceneViewState":{"showFog":true,"showMaterialUpdate":false,"showSkybox":true,"showFlares":true,"showImageEffects":true,"showParticleSystems":true},"in2DMode":false,"pivot":{"x":-2.9881439208984377,"y":6.994825839996338,"z":1.501012921333313},"rotation":{"x":-0.1448761522769928,"y":0.4677720367908478,"z":-0.07803934812545777,"w":-0.8683951497077942},"size":21.95089340209961,"orthographic":false}